gender,description
male,tangled bromean knots
male,rip karl p nursing major txst
male,madafuckers never satisfied youll lose mind freckle face
male,ig alonzo sc amartinez
male,proud hamptonu softball dad happy hubby palliative medicine physician pennstate hershey alum opinions expressed
male,kvm politiek dakloos mechelen
male,sports science student costa barista penguin enthusiast instagram jackthepenguinboy
male,herb gardening proven method grow herbs insideoutdoors great food teas medicinal herbs
male,calm cool
male,idealist history buff whiskey connoisseur geek dad
male,hello make videos follow musically antonkhrebto instagram antonkhrebto years old business antonkhrebtogmailcom
male,im twitter bot tweeting english posts francoisgoube ceo cogniteev oncrawl docidohq
male,digital marketer tweet sportsphoenixtech uofaredsoxdbackspatriots ex
male,knowin nothing life legit dont quote boy cuz aint said shit
male,humble trying bring back flavor music lacking emceeproducerengineer igawthentik
male,always respect lady teamunited new bb pin ad
male,perfect combination ti jr smith blanketed thin layer white skin
male,smoke trees im knees cook steak n grill cheese
male,proud player gunitgaming lan experience
male,im highly versatile adaptable professional proven skills expertise
male,internist medical educator doctors trainings usmle step step ck step review courses drintraining httptcoccnohq
male,curly boy cheshire reason
male,son classicrevenge
male,gear
male,former shea stadium vendor mets cowboys fan estreet enthusiast thanks boss oh cheese
male,hyan rudson coffee lover owner huge feet fergalicious often obsessive apple fanboy special bond becky greggs
male,ceo hos gang bbm behoe tool follow know
male,st team allpsp dabble dog food game pspgang
male,ryerson ted rogers school management knickstape seahawks mitsubishi lancer
male,harmauetials grve world
male,better
male,mortgage insurance adviser based gosforthtweets advice happy talk advicesportmusicbut advise lcfc
male,havent heard probably dont spend enough time around goodyear
male,doesnt matter slow go long dont stop westfield insurance pinnacle sports gobrowns gobucks believeland
male,passionate plantbased son husband father twin boys athlete driven god pursuit life designed live love
male,god x music x arsenalfc httpstcoeobxztcna beb
male,let past go
male,lucas wyrsch networker enterprise risk management consultant actuary
male,im still mom among group friends
male,full creative control management chrisfullcreativecontrolnet
male,dnt judge lookstushrugged living life regretsbusy atm ceo royaldna foods structuralengineer ui
male,patrick siyr secretary sports fanatic im big soccer mls leagues nfl football back ny teams us internationally also ok vgc
male,music fashionsportphotographyshopping
male,ex hippie vietnam vet wants make life better struggling people search review home business opportunities blog
male,short dick
male,ifb church planting missionary ukpastor saronchapelhusband greatest bride earth stagnerdenise father david darius daniel bailey
male,actor writer strangler
male,sycegame og traphouse forsyth st sw serial entrepreneur throw experiences parties manager owner investor
male,pick friends eskimo brothers
male,storage geek years experience storage works independent solution provider ch loves photography sport travel views
female,music makeup adventure
female,louisandharry look way look mcdonalds pewdiepie ed selena janoskians
female,argue know im right im always arguing
female,walking deadolivia httptcocjunyusoxu twd walking dead twd httptcoixmkigppcy
female,southern roots crimson soul bama passion thats roll otietothat thegamewdgm ttown
female,dont worry
female,hello im dalia send naked selfies
female,golden
female,mbbs frcs cth fetcs clinical lead mother happily divorced mercedes driver louboutin wearer death stare giver fling nurse
female,work classic rock radio station big bon jovi supernatural fan mother two daughters proud member chadlindbergs badassbitches
female,say youll remember standing nice dress staring sunset
female,happily taken
female,love peace happy comedian
female,california grown bay area news reporter kwqc davenport iowa santa clara university alumni sports travel animal lover
female,bba actg mktg cpa campaign law worked barack obama hillary clinton one seal legacy blm lgbt friendly
female,quiero un amor bonito de esos que te dan mariposas en el estomago
female,speak mind love love things lovelee thatisall tharihealth medical stuff
female,waiting gandalf come house invite adventure expect return
female,writer romance urban fantasy comics intersectional jewish feminist north south combined slow burning taurus
female,showjumper surrey
female,im sports mad scifi loving bookreading filmwatching theatregoing musicloving gal work tv sport entertainment love arsenal
female,snap amonutella melhor cena de sempre
female,dogs im scorpio
female,one indias premiere pr agencies specialise image strategisation image building spearheaded journalists
female,mommy perfect babygirl raylynn amelia
female,nutrition fitness sf csun
female,professional assistant academic publishing world feminist killjoy southern transplant
female,kiss underneath moonlight
female,name stephanie n fountain im better known nikkoleon im silly artist likes many things little much free time c
female,greater intelligence kindness empathy bryant mcgill doubt nice peter meads title book
female,page show love remarkable patriciaheaton love forever patty
female,im princess dont need saving im queen got shit handled
female,life hats cats
female,im big girl dawg iraqi seth rollins defense squad triple h sugar daddy
female,canadian filmmaking student leo french films
female,im kelly im missouri im music fan love true love michael jackson
female,heather jess prettiest princess land x mcavoys angles x
female,best talkradio healthcoach lifecoach businesscoach weightlosscoach personalcoach
female,indianborn british author multicultural books storyteller tales india check httptcoabxsitt free stories book resources
female,photographer storyteller roanoketimes
female,teaching businesses say boring content host amytv parttime bluegrass singer
female,anna
female,mother wifeactress model writer infertility overcomergoddess truth speaker st black woman land cosmetic campaign w maybelline
female,handmade jam chutney marmalade retail trade talks demos available sbs winner httptcoqkimsygd jampionship judge
female,cc
female,product reviewer blogger mother beautiful human beings lb boxer mamaw married best friend
female,snapchat alanalewiss instagram alanalewiss
female,boutique executive recruiting firm since midsenior level marketing communications marketing researchconsumerbbservices kellogg alum
female,writer rose strickland mystery series beauty brit contemporary romance series love reality tv sock monkeys yeah sock monkeys
female,robyn sheher bristol stars oilers flyers habs
